SKU,Producto,Categoría actual en Bsale,Venta total ($),Unidades vendidas
KLGE0002,GENERADOR,Sin Tipo,71487384,261
KLES0012,ESTUFAS,Sin Tipo,27846050,101
KLES0088,CALEFACTOR MURAL,Sin Tipo,26995245,196
KLGE0003,GENERADOR,Sin Tipo,26143551,51
KLES0067,CALEFACTOR MURAL,Sin Tipo,21818799,281
KLBC0063,BOMBA DE CALOR,Sin Tipo,17411831,11
KLGE0015,GENERADOR,Sin Tipo,16453470,52
KLES0087,CALEFACTOR MURAL,Sin Tipo,13233085,107
KLES0089,CALEFACTOR MURAL,Sin Tipo,13057644,107
DESPACHOCENTRY,DESPACHO,Sin Tipo,11799018,50
KLBC0074,BOMBA DE CALOR,Sin Tipo,10667970,9
KLBC0090,BOMBA DE CALOR,Sin Tipo,8863611,4
KLBC0091,BOMBA DE CALOR,Sin Tipo,7849980,9
KLES0065,CALEFACTOR MURAL,Sin Tipo,7693810,102
KLBC0092,BOMBA DE CALOR,Sin Tipo,7172047,7
KLES0096,ESTUFAS,Sin Tipo,6787860,16
KLES0066,CALEFACTOR MURAL,Sin Tipo,6047378,101
KLBC0094,BOMBA DE CALOR,Sin Tipo,5249970,3
KLGE0013,GENERADOR,Sin Tipo,5210370,13
KLES0014,ESTUFAS,Sin Tipo,5140776,40
KLBC0084,BOMBA DE CALOR,Sin Tipo,3999990,1
KLBC0075,BOMBA DE CALOR,Sin Tipo,3289990,2
KLBC0095,BOMBA DE CALOR,Sin Tipo,1752972,2
KLPE005A,PÉRGOLA,Sin Tipo,1499990,1
TPPK0001,PÉRGOLA,Sin Tipo,1499990,1
KLES0093,ESTUFAS,Sin Tipo,1050130,8
LOJM0001,JARDÍN,Sin Tipo,899819,18
KLCP0005,MANTA TERMICA PISCINA,Sin Tipo,740188,5
KLBC0098,BOMBA DE CALOR,Sin Tipo,709990,1
KLTM0051,TERMO ELECTRICO,Sin Tipo,561680,1
LOJM0002,JARDÍN,Sin Tipo,539940,6
KLES0073,ESTUFAS,Sin Tipo,499930,7
KLES0094,ESTUFAS,Sin Tipo,419970,3
KLBR0008,BRASERO,Sin Tipo,359980,2
KLES0069,ESTUFAS,Sin Tipo,359960,4
LOHE0004,HERRAMIENTAS ELECTRICAS,Sin Tipo,339980,2
KLES0036,CALEFACTOR MURAL,Sin Tipo,299980,2
KLES0092,ESTUFAS,Sin Tipo,299940,6
KLGE0018,GENERADOR,Sin Tipo,249990,1
KLES0086,ESTUFAS,Sin Tipo,220000,1
KLTE0001,TERMOSTATOS,Sin Tipo,170486,2
KLES0074,ESTUFAS,Sin Tipo,149990,1
LOIE0001,ILUMINACIÓN,Sin Tipo,134930,9
KLST0008,REPUESTO SSTT,Sin Tipo,120000,6
KLCP0001,MANTA TERMICA PISCINA,Sin Tipo,114990,1
KLVE0001,VENTILADOR,Sin Tipo,109980,2
KLES0032,CALEFACTOR MURAL,Sin Tipo,99990,1
KLES0070,ESTUFAS,Sin Tipo,99980,2
KLES0095,ESTUFAS,Sin Tipo,79990,1
LOHE0002,HERRAMIENTAS ELECTRICAS,Sin Tipo,59990,1
KLEF0092,MINI VENTILADOR JET,Sin Tipo,59980,2
LOIE0004,ILUMINACION EXTERIOR,Sin Tipo,49970,3
LOIE0002,ILUMINACION EXTERIOR,Sin Tipo,49950,5
KLES0004,ESTUFAS,Sin Tipo,35000,1
KLES0007,ESTUFAS,Sin Tipo,35000,1
KLES0083,ESTUFAS,Sin Tipo,25000,1
KLES0003,ESTUFAS,Sin Tipo,20000,1
EXTP0005,PRODUCTOS EXHIBICION KENNEDY,Sin Tipo,20000,2
KLST0000,REPUESTO SSTT,Sin Tipo,0,0
KLCA0035,CALEFONT,Sin Tipo,0,0
KLCA0042,CALEFONT,Sin Tipo,0,0
KLCL0098,CALDERAS,Sin Tipo,0,0
KLVA0038,VALVULAS,Sin Tipo,0,0
KLRP0003,REPUESTO,Sin Tipo,0,0
KLSE0004,SERVICIO,Sin Tipo,0,0
KLCL0150,CALDERAS,Sin Tipo,0,0
KLCL0152,CALDERAS,Sin Tipo,0,0
KLUM0001,UMA,Sin Tipo,0,0
KLTM0069,TERMO ELECTRICO,Sin Tipo,0,0
KLBR0002,BRASERO,Sin Tipo,0,0
KLEF0100,AIRE ACONDICIONADO,Sin Tipo,0,0
KLST0017,REPUESTO SSTT,Sin Tipo,0,0
KLCL0054,CALDERAS,Sin Tipo,0,0
KLBC0035,BOMBA DE CALOR,Sin Tipo,0,0
KLCL0142,CALDERAS,Sin Tipo,0,0
KLCH0001,CAPEHORN,Sin Tipo,0,0
KLAP0017,ACCESORIOS PISCINA,Sin Tipo,0,0
EXTP0012,PRODUCTOS EXHIBICION KENNEDY,Sin Tipo,0,0
KLVT0003,VENTILADOR,Sin Tipo,0,0
KLCA0043,CALEFONT,Sin Tipo,0,0
KLCL0040,CALDERAS,Sin Tipo,0,0
KLES0023,ESTUFAS,Sin Tipo,0,0
KLRA0051,RADIADORES,Sin Tipo,0,0
KLRA0055,RADIADORES,Sin Tipo,0,0
KLMA0015,MALLA ELECTRICA,Sin Tipo,0,0
KLEF0060,AIRE ACONDICIONADO,Sin Tipo,0,0
KLTM0062,TERMO ELECTRICO,Sin Tipo,0,0
KLPB0022A,PISCINA ESTRUCTURAL,Sin Tipo,0,0
KLCA0001,CALEFONT,Sin Tipo,0,0
KLBC0025,BOMBA DE CALOR,Sin Tipo,0,0
KLCO0003,CORTINAS DE AIRE,Sin Tipo,0,0
1552935793466,CALDERAS,Sin Tipo,0,0
KLCL0125,CALDERAS,Sin Tipo,0,0
KLEF0018,AIRE ACONDICIONADO,Sin Tipo,0,0
1540928249334,AIRE ACONDICIONADO,Sin Tipo,0,0
KLEF0064,AIRE ACONDICIONADO,Sin Tipo,0,0
1564782684479,PACK POOLTEMP 9 + MANTA 4X7,Sin Tipo,0,0
KLGE0005,GENERADOR,Sin Tipo,0,0
KLPB0029,PISCINA ESTRUCTURAL,Sin Tipo,0,0
KLGE0011,GENERADOR,Sin Tipo,0,0
KLBC0085,BOMBA DE CALOR,Sin Tipo,0,0
KLDI0001,DESINCRUSTADOR,Sin Tipo,0,0
KLES0025,ESTUFAS,Sin Tipo,0,0
KLTM0002,TERMO ELECTRICO,Sin Tipo,0,0
KLCA0049,CALEFONT,Sin Tipo,0,0
KLTG0008,TERMO A GAS,Sin Tipo,0,0
KLTM0048,TERMO ELECTRICO,Sin Tipo,0,0
KLAE0001,ACCESORIOS ELECTRICOS,Sin Tipo,0,0
KLRC0005,SISTEMAS ERV,Sin Tipo,0,0
EXKL0011,PRODUCTOS EXHIBICION KENNEDY,Sin Tipo,0,0
KLIL 0005,ILUMINACIÓN,Sin Tipo,0,0
KLMA0014,MALLA ELECTRICA,Sin Tipo,0,0
KLPA0007,PEX O FITTING,Sin Tipo,0,0
KLMA0040,MALLA ELECTRICA,Sin Tipo,0,0
KLCL0147,CALDERAS,Sin Tipo,0,0
KLCO0009,CORTINAS DE AIRE,Sin Tipo,0,0
KLPE008A,PÉRGOLA,Sin Tipo,0,0
KLST0006,REPUESTO SSTT,Sin Tipo,0,0
KLST0009,REPUESTO SSTT,Sin Tipo,0,0
TPPK0003,PÉRGOLA,Sin Tipo,0,0
KLCA0017,CALEFONT,Sin Tipo,0,0
KLCL0027,CALDERAS,Sin Tipo,0,0
KLCL0058,CALDERAS,Sin Tipo,0,0
KLCL0087,CALDERAS,Sin Tipo,0,0
KLMU0011,MUESTRAS,Sin Tipo,0,0
KLRA0011,RADIADORES,Sin Tipo,0,0
KLRA0013,RADIADORES,Sin Tipo,0,0
KLMA0031,MALLA ELECTRICA,Sin Tipo,0,0
KLAP0002,ACCESORIOS PISCINA,Sin Tipo,0,0
KLCA0041,CALEFONT,Sin Tipo,0,0
KLCL0004,CALDERAS,Sin Tipo,0,0
KLCL0140,CALDERAS,Sin Tipo,0,0
KLRA0025,RADIADORES,Sin Tipo,0,0
KLTM0035,TERMO ELECTRICO,Sin Tipo,0,0
KLFA0005,FANCOIL,Sin Tipo,0,0
KLBC0049,BOMBA DE CALOR,Sin Tipo,0,0
KLMA0046,MALLA ELECTRICA,Sin Tipo,0,0
KLMA0047,MALLA ELECTRICA,Sin Tipo,0,0
KLAP0015,ACCESORIOS PISCINA,Sin Tipo,0,0
1564782461389,PACK WALLY WIFI 1000,Sin Tipo,0,0
KLPB0003,PISCINA ESTRUCTURAL,Sin Tipo,0,0
KLCA0004,CALEFONT,Sin Tipo,0,0
KLCA0036,CALEFONT,Sin Tipo,0,0
KLCL0089,CALDERAS,Sin Tipo,0,0
KLES0019,ESTUFAS,Sin Tipo,0,0
KLRA0033,RADIADORES,Sin Tipo,0,0
KLRA0045,RADIADORES,Sin Tipo,0,0
KLVA0034,VALVULAS,Sin Tipo,0,0
KLCA0052,CALEFONT,Sin Tipo,0,0
KLTM0039,TERMO ELECTRICO,Sin Tipo,0,0
KLPA0005,PEX O FITTING,Sin Tipo,0,0
KLMA0019,MALLA ELECTRICA,Sin Tipo,0,0
KLRP0001,REPUESTO,Sin Tipo,0,0
KLTM0080,TERMO ELECTRICO,Sin Tipo,0,0
KLMU0019,MUESTRAS,Sin Tipo,0,0
KLVA0003,VALVULAS,Sin Tipo,0,0
KLCA0060,CALEFONT,Sin Tipo,0,0
KLMA0022,MALLA ELECTRICA,Sin Tipo,0,0
KLMA0025,MALLA ELECTRICA,Sin Tipo,0,0
KLAP0010,ACCESORIOS PISCINA,Sin Tipo,0,0
KLSU0003,SUP,Sin Tipo,0,0
KLRC0008,SISTEMAS ERV,Sin Tipo,0,0
KLPE011,PÉRGOLA,Sin Tipo,0,0
KLST0016,REPUESTO SSTT,Sin Tipo,0,0
KLCL0018,CALDERAS,Sin Tipo,0,0
KLCL0042,CALDERAS,Sin Tipo,0,0
KLMA0008,MALLA ELECTRICA,Sin Tipo,0,0
KLES0040,CALEFACTOR MURAL,Sin Tipo,0,0
KLFA0028,FANCOIL,Sin Tipo,0,0
KLAP0037,ACCESORIOS PISCINA,Sin Tipo,0,0
KLHT0012,HOT TUB,Sin Tipo,0,0
KLTM0007,TERMO ELECTRICO,Sin Tipo,0,0
KLFA0008,FANCOIL,Sin Tipo,0,0
KLFA0014,FANCOIL,Sin Tipo,0,0
KLPB0014,PISCINA ESTRUCTURAL,Sin Tipo,0,0
KLAP0054,ACCESORIOS PISCINA,Sin Tipo,0,0
KLEF0102,AIRE ACONDICIONADO,Sin Tipo,0,0
EXTP0003,PRODUCTOS EXHIBICION KENNEDY,Sin Tipo,0,0
KLAP0059,ACCESORIOS PISCINA,Sin Tipo,0,0
KLES0097,ESTUFAS,Sin Tipo,0,0
KLCL0060,CALDERAS,Sin Tipo,0,0
KLCL0077,CALDERAS,Sin Tipo,0,0
KLCL0108,CALDERAS,Sin Tipo,0,0
KLME0001,MEDICION,Sin Tipo,0,0
KLVA0008,VALVULAS,Sin Tipo,0,0
KLTM0077,TERMO ELECTRICO,Sin Tipo,0,0
KLRC0003,SISTEMAS ERV,Sin Tipo,0,0
LOIE0003,ILUMINACION EXTERIOR,Sin Tipo,0,0
KLCL0101,CALDERAS,Sin Tipo,0,0
KLRA0004,RADIADORES,Sin Tipo,0,0
KLTM0012,TERMO ELECTRICO,Sin Tipo,0,0
KLEF0024,AIRE ACONDICIONADO,Sin Tipo,0,0
KLRE 0002,REFRIGERADOR,Sin Tipo,0,0
KLTM0034,TERMO ELECTRICO,Sin Tipo,0,0
KLFA0013,FANCOIL,Sin Tipo,0,0
KLTE0013,TERMOSTATOS,Sin Tipo,0,0
KLEF0082A,AIRE ACONDICIONADO,Sin Tipo,0,0
KLBC0083,BOMBA DE CALOR,Sin Tipo,0,0
KLVT0001,VENTILADOR,Sin Tipo,0,0
KLBC0103,BOMBA DE CALOR,Sin Tipo,0,0
KLCL0001,CALDERAS,Sin Tipo,0,0
KLES0016,ESTUFAS,Sin Tipo,0,0
KLES0029,ESTUFAS,Sin Tipo,0,0
KLVA0004,VALVULAS,Sin Tipo,0,0
KLAP0004,ACCESORIOS PISCINA,Sin Tipo,0,0
KLES0045,CALEFACTOR MURAL,Sin Tipo,0,0
KLBI0001,BALSA INFLABLE,Sin Tipo,0,0
KLTM0060,TERMO ELECTRICO,Sin Tipo,0,0
KLEF0076,AIRE ACONDICIONADO,Sin Tipo,0,0
KLSU0007,SUP,Sin Tipo,0,0
KLRC0007,SISTEMAS ERV,Sin Tipo,0,0
KLVT0007,VENTILADOR,Sin Tipo,0,0
KLCL0036,CALDERAS,Sin Tipo,0,0
KLCL0041,CALDERAS,Sin Tipo,0,0
KLCL0086,CALDERAS,Sin Tipo,0,0
KLEF0005,AIRE ACONDICIONADO,Sin Tipo,0,0
KLMU0029,MUESTRAS,Sin Tipo,0,0
KLTM0015,TERMO ELECTRICO,Sin Tipo,0,0
KLBC0041,BOMBA DE CALOR,Sin Tipo,0,0
1496327926388,MUESTRA CALEFACTOR MURAL WALLY 1500 IR,Sin Tipo,0,0
1552935458919,RADIADORES,Sin Tipo,0,0
KLHT0001,HOT TUB,Sin Tipo,0,0
KLPB0019A,PISCINA ESTRUCTURAL,Sin Tipo,0,0
KLSO0004,SOLAR,Sin Tipo,0,0
KLVA0036,VALVULAS,Sin Tipo,0,0
KLVA0039,VALVULAS,Sin Tipo,0,0
KLCA0062,CALEFONT,Sin Tipo,0,0
KLFA0007,FANCOIL,Sin Tipo,0,0
KLEF0042,AIRE ACONDICIONADO,Sin Tipo,0,0
1552935382471,ILUMINACIÓN,Sin Tipo,0,0
TESTPRODUCT,TESTPRODUCT,Sin Tipo,0,0
KLAP0040,ACCESORIOS PISCINA,Sin Tipo,0,0
KLES0082,CALEFACTOR MURAL,Sin Tipo,0,0
EXKL0033,PRODUCTOS EXHIBICION KENNEDY,Sin Tipo,0,0
KLCL0002,CALDERAS,Sin Tipo,0,0
KLEF0006,AIRE ACONDICIONADO,Sin Tipo,0,0
KLES0024,ESTUFAS,Sin Tipo,0,0
KLPS0004,PANEL SOLAR,Sin Tipo,0,0
KLTM0003,TERMO ELECTRICO,Sin Tipo,0,0
KLHT0008,PACK AEROTUB 8,Sin Tipo,0,0
KLEF0082,AIRE ACONDICIONADO,Sin Tipo,0,0
KLSU0002,SUP,Sin Tipo,0,0
KLSU0005,SUP,Sin Tipo,0,0
KLBC0008,BOMBA DE CALOR,Sin Tipo,0,0
KLCA0014,CALEFONT,Sin Tipo,0,0
KLRA0028,RADIADORES,Sin Tipo,0,0
KLRA0039,RADIADORES,Sin Tipo,0,0
KLRA0042,RADIADORES,Sin Tipo,0,0
KLRA0049,RADIADORES,Sin Tipo,0,0
KLVA0043,VALVULAS,Sin Tipo,0,0
KLVA0045,VALVULAS,Sin Tipo,0,0
KLAP0001,ACCESORIOS PISCINA,Sin Tipo,0,0
KLES0051,CALEFACTOR MURAL,Sin Tipo,0,0
KLMU0085,MUESTRAS,Sin Tipo,0,0
KLES0053,ESTUFAS,Sin Tipo,0,0
KLAP0043,ACCESORIOS PISCINA,Sin Tipo,0,0
KLST0003,REPUESTO SSTT,Sin Tipo,0,0
EXKL0002,PRODUCTOS EXHIBICION KENNEDY,Sin Tipo,0,0
EXKL0021,PRODUCTOS EXHIBICION KENNEDY,Sin Tipo,0,0
KLBC0097,BOMBA DE CALOR,Sin Tipo,0,0
KLAP0058,ACCESORIOS PISCINA,Sin Tipo,0,0
KLRA0035,RADIADORES,Sin Tipo,0,0
KLRA0064,RA RADIADORES,Sin Tipo,0,0
KLRE 0004,REFRIGERADOR,Sin Tipo,0,0
KLMA0052,MALLA ELECTRICA,Sin Tipo,0,0
KLEF0059,AIRE ACONDICIONADO,Sin Tipo,0,0
KLCL0161,CALDERAS,Sin Tipo,0,0
KLAP0039,ACCESORIOS PISCINA,Sin Tipo,0,0
KLAP0053,ACCESORIOS PISCINA,Sin Tipo,0,0
TPPK0002,PÉRGOLA,Sin Tipo,0,0
KLES0090,CALEFACTOR MURAL,Sin Tipo,0,0
KLCL0034,CALDERAS,Sin Tipo,0,0
KLCL0037,CALDERAS,Sin Tipo,0,0
KLCL0048,CALDERAS,Sin Tipo,0,0
KLIN0015,INVERSOR,Sin Tipo,0,0
KLEF0026,AIRE ACONDICIONADO,Sin Tipo,0,0
1491223342,ESTUFAS,Sin Tipo,0,0
KLAP0035,ACCESORIOS PISCINA,Sin Tipo,0,0
KLEF0017,AIRE ACONDICIONADO,Sin Tipo,0,0
KLES0009,ESTUFAS,Sin Tipo,0,0
KLRA0010,RADIADORES,Sin Tipo,0,0
KLMA0009,MALLA ELECTRICA,Sin Tipo,0,0
KLTM0055,TERMO ELECTRICO,Sin Tipo,0,0
KLAP0018,ACCESORIOS PISCINA,Sin Tipo,0,0
KLAP0048,ACCESORIOS PISCINA,Sin Tipo,0,0
LOIE0005,ILUMINACION EXTERIOR,Sin Tipo,0,0
KLEF0007A,AIRE ACONDICIONADO,Sin Tipo,0,0
KLCA0007,CALEFONT,Sin Tipo,0,0
KLCL0031,CALDERAS,Sin Tipo,0,0
KLIL 0004,ILUMINACIÓN,Sin Tipo,0,0
KLCA0048,CALEFONT,Sin Tipo,0,0
KLCA0051,CALEFONT,Sin Tipo,0,0
KLCA0056,CALEFONT,Sin Tipo,0,0
KLCA0066,CALEFONT,Sin Tipo,0,0
KLBC0040,BOMBA DE CALOR,Sin Tipo,0,0
KLMA0016,MALLA ELECTRICA,Sin Tipo,0,0
KLPA0010,PEX O FITTING,Sin Tipo,0,0
KLFA0004,FANCOIL,Sin Tipo,0,0
KLCL0144,CALDERAS,Sin Tipo,0,0
KLCO0007,CORTINAS DE AIRE,Sin Tipo,0,0
KLEF0079,AIRE ACONDICIONADO,Sin Tipo,0,0
KLBC0086,BOMBA DE CALOR,Sin Tipo,0,0
KLBC0088,BOMBA DE CALOR,Sin Tipo,0,0
KLCA0028,CALEFONT,Sin Tipo,0,0
KLCL0023,CALDERAS,Sin Tipo,0,0
KLCL0099,CALDERAS,Sin Tipo,0,0
KLEF0004,AIRE ACONDICIONADO,Sin Tipo,0,0
KLRA0036,RADIADORES,Sin Tipo,0,0
KLES0037,CALEFACTOR MURAL,Sin Tipo,0,0
KLVA0044,VALVULAS,Sin Tipo,0,0
KLES0042,ESTUFAS,Sin Tipo,0,0
KLEF0077,AIRE ACONDICIONADO,Sin Tipo,0,0
KLEF0091,AIRE ACONDICIONADO,Sin Tipo,0,0
KLES0081,ESTUFAS,Sin Tipo,0,0
KLBC0042,BOMBA DE CALOR,Sin Tipo,0,0
KLTM0068,TERMO ELECTRICO,Sin Tipo,0,0
KLES0085,ESTUFAS,Sin Tipo,0,0
KLCL0112,CALDERAS,Sin Tipo,0,0
KLRA0032,RADIADORES,Sin Tipo,0,0
KLCL0141,CALDERAS,Sin Tipo,0,0
KLCL0145,CALDERAS,Sin Tipo,0,0
KLAP0019,ACCESORIOS PISCINA,Sin Tipo,0,0
KLCL0092,CALDERAS,Sin Tipo,0,0
KLPE008C,PÉRGOLA,Sin Tipo,0,0
KLCL0015,CALDERAS,Sin Tipo,0,0
KLCL0080,CALDERAS,Sin Tipo,0,0
KLIN0013,INVERSOR,Sin Tipo,0,0
KLEF0028,AIRE ACONDICIONADO,Sin Tipo,0,0
KLPI0004,CALEFACTOR DE PISCINA,Sin Tipo,0,0
KLMA0043,MALLA ELECTRICA,Sin Tipo,0,0
KLCO0001,CORTINAS DE AIRE,Sin Tipo,0,0
KLAP0031,ACCESORIOS PISCINA,Sin Tipo,0,0
KLRA0041,RADIADORES,Sin Tipo,0,0
KLTM0023,TERMO ELECTRICO,Sin Tipo,0,0
KLRE 0003,REFRIGERADOR,Sin Tipo,0,0
KLCA0057,CALEFONT,Sin Tipo,0,0
KLMA0026,MALLA ELECTRICA,Sin Tipo,0,0
KLDH0003,DESHUMIDIFICADOR,Sin Tipo,0,0
KLAP0024,ACCESORIOS PISCINA,Sin Tipo,0,0
KLAP0026,ACCESORIOS PISCINA,Sin Tipo,0,0
KLAP0041,ACCESORIOS PISCINA,Sin Tipo,0,0
KLPE006,PERGOLA BIOPRO (4X3) MANUAL,Sin Tipo,0,0
KLCA0009,CALEFONT,Sin Tipo,0,0
KLIN0001,INVERSOR,Sin Tipo,0,0
KLMU0025,MUESTRAS,Sin Tipo,0,0
KLMU0027,MUESTRAS,Sin Tipo,0,0
KLTG0010,TERMO A GAS,Sin Tipo,0,0
KLBC0027,BOMBA DE CALOR,Sin Tipo,0,0
KLPS0006,PANEL SOLAR,Sin Tipo,0,0
KLSE0005,SERVICIO,Sin Tipo,0,0
KLFA0027,FANCOIL,Sin Tipo,0,0
KLEF0072,AIRE ACONDICIONADO,Sin Tipo,0,0
KLBC0066,BOMBA DE CALOR,Sin Tipo,0,0
KLBR0001,BRASERO,Sin Tipo,0,0
EXKL0016,PRODUCTOS EXHIBICION KENNEDY,Sin Tipo,0,0
KLTM0041,TERMO ELECTRICO,Sin Tipo,0,0
KLMA0007,MALLA ELECTRICA,Sin Tipo,0,0
KLCA0032,CALEFONT,Sin Tipo,0,0
KLEF0040,AIRE ACONDICIONADO,Sin Tipo,0,0
KLMU0080,MUESTRAS,Sin Tipo,0,0
KLES0061,CALEFACTOR MURAL,Sin Tipo,0,0
KLTM0063,TERMO ELECTRICO,Sin Tipo,0,0
KLPB0017,PISCINA ESTRUCTURAL,Sin Tipo,0,0
KLSU0011,SUP,Sin Tipo,0,0
KLGE0012,GENERADOR,Sin Tipo,0,0
KLCA0044,CALEFONT,Sin Tipo,0,0
KLCL0020,CALDERAS,Sin Tipo,0,0
KLCL0063,CALDERAS,Sin Tipo,0,0
KLMU0015,MUESTRAS,Sin Tipo,0,0
KLVA0006,VALVULAS,Sin Tipo,0,0
KLMU0073,MUESTRAS,Sin Tipo,0,0
KLRO0003,ROBOT,Sin Tipo,0,0
KLCL0010,CALDERAS,Sin Tipo,0,0
KLME0007,MEDICION,Sin Tipo,0,0
KLRA0017,RADIADORES,Sin Tipo,0,0
KLVA0035,VALVULAS,Sin Tipo,0,0
KLTM0033,TERMO ELECTRICO,Sin Tipo,0,0
KLBC0021,BOMBA DE CALOR,Sin Tipo,0,0
KLBC0032,BOMBA DE CALOR,Sin Tipo,0,0
KLMA0024,MALLA ELECTRICA,Sin Tipo,0,0
KLES0056,ESTUFAS,Sin Tipo,0,0
KLAP0056,ACCESORIOS PISCINA,Sin Tipo,0,0
KLPE007D,PÉRGOLA,Sin Tipo,0,0
EXKL0031,PRODUCTOS EXHIBICION KENNEDY,Sin Tipo,0,0
KLCL0019,CALDERAS,Sin Tipo,0,0
KLEF0016,AIRE ACONDICIONADO,Sin Tipo,0,0
KLRA0018,RADIADORES,Sin Tipo,0,0
KLRA0072,RA RADIADORES,Sin Tipo,0,0
KLEF0027,AIRE ACONDICIONADO,Sin Tipo,0,0
KLPI0001,CALEFACTOR DE PISCINA,Sin Tipo,0,0
KLCA0053,CALEFONT,Sin Tipo,0,0
KLSO0001,SOLAR,Sin Tipo,0,0
1496327907892,MUESTRA CALEFACTOR MURAL WALLY 1000 IR,Sin Tipo,0,0
KLEF0037,AIRE ACONDICIONADO,Sin Tipo,0,0
KLEF0039,AIRE ACONDICIONADO,Sin Tipo,0,0
KLMU0087,MUESTRAS,Sin Tipo,0,0
KLCL0159,CALDERAS,Sin Tipo,0,0
KLPB0018,PISCINA ESTRUCTURAL,Sin Tipo,0,0
KLPB0021,PISCINA ESTRUCTURAL,Sin Tipo,0,0
KLCL0014,CALDERAS,Sin Tipo,0,0
KLMA0041,MALLA ELECTRICA,Sin Tipo,0,0
KLCR0002,COLECTOR CALEFACCION,Sin Tipo,0,0
KLTM0064,TERMO ELECTRICO,Sin Tipo,0,0
1564782604928,PACK WALLY GLASS 1500,Sin Tipo,0,0
KLEF0067,AIRE ACONDICIONADO,Sin Tipo,0,0
KLAP0033,ACCESORIOS PISCINA,Sin Tipo,0,0
KLRC0004,SISTEMAS ERV,Sin Tipo,0,0
KLVT0002,VENTILADOR,Sin Tipo,0,0
KLSE0007,SERVICIO,Sin Tipo,0,0
KLCL0137,CALDERAS,Sin Tipo,0,0
KLRA0066,RA RADIADORES,Sin Tipo,0,0
KLTM0017,TERMO ELECTRICO,Sin Tipo,0,0
KLMA0010,MALLA ELECTRICA,Sin Tipo,0,0
KLMA0030,MALLA ELECTRICA,Sin Tipo,0,0
KLPB0022,PISCINA ESTRUCTURAL,Sin Tipo,0,0
KLGE0009,GENERADOR,Sin Tipo,0,0
KLEF0008A,AIRE ACONDICIONADO,Sin Tipo,0,0
KLES0075,CALEFACTOR MURAL,Sin Tipo,0,0
KLCA0020,CALEFONT,Sin Tipo,0,0
KLCL0061,CALDERAS,Sin Tipo,0,0
KLCL0104,CALDERAS,Sin Tipo,0,0
KLEF0020,AIRE ACONDICIONADO,Sin Tipo,0,0
KLRA0027,RADIADORES,Sin Tipo,0,0
KLCA00361,CALEFONT,Sin Tipo,0,0
KLCA00471,CALEFONT,Sin Tipo,0,0
KLEF0052,AIRE ACONDICIONADO,Sin Tipo,0,0
KLES0057,ESTUFAS,Sin Tipo,0,0
KLEF0090,AIRE ACONDICIONADO,Sin Tipo,0,0
KLAP0052,ACCESORIOS PISCINA,Sin Tipo,0,0
KLVT0008,VENTILADOR,Sin Tipo,0,0
KLCL0030,CALDERAS,Sin Tipo,0,0
KLEF0007,AIRE ACONDICIONADO,Sin Tipo,0,0
KLES0028,ESTUFAS,Sin Tipo,0,0
KLMU0018,MUESTRAS,Sin Tipo,0,0
KLRA0003,RADIADORES,Sin Tipo,0,0
KLRA0048,RADIADORES,Sin Tipo,0,0
KLTM0027,TERMO ELECTRICO,Sin Tipo,0,0
1492540364,PEX O FITTING,Sin Tipo,0,0
KLDI0007,DESINCRUSTADOR,Sin Tipo,0,0
KLEF0071,AIRE ACONDICIONADO,Sin Tipo,0,0
KLAP0055,ACCESORIOS PISCINA,Sin Tipo,0,0
KLEF0097,AIRE ACONDICIONADO,Sin Tipo,0,0
KLCL0005,CALDERAS,Sin Tipo,0,0
KLIL 0008,ILUMINACIÓN,Sin Tipo,0,0
KLRA0016,RADIADORES,Sin Tipo,0,0
KLRA0053,RADIADORES,Sin Tipo,0,0
KLCA0069,CALEFONT,Sin Tipo,0,0
KLAP0029,ACCESORIOS PISCINA,Sin Tipo,0,0
KLCL0158,CALDERAS,Sin Tipo,0,0
KLRO0001,ROBOT,Sin Tipo,0,0
KLAP0045,ACCESORIOS PISCINA,Sin Tipo,0,0
EXKL0001,PRODUCTOS EXHIBICION KENNEDY,Sin Tipo,0,0
KLCA0006,CALEFONT,Sin Tipo,0,0
KLCL0045,CALDERAS,Sin Tipo,0,0
KLCL0062,CALDERAS,Sin Tipo,0,0
KLCL0113,CALDERAS,Sin Tipo,0,0
KLES0011,ESTUFAS,Sin Tipo,0,0
KLES0020,ESTUFAS,Sin Tipo,0,0
KLMU0079,MUESTRAS,Sin Tipo,0,0
KLEF0061,AIRE ACONDICIONADO,Sin Tipo,0,0
1575311698922,PACK MULTISPLIT KALTEMP 3 X 9000,Sin Tipo,0,0
KLIE0001,ILUMINACION EXTERIOR,Sin Tipo,0,0
KLCP0004,MANTA TERMICA PISCINA,Sin Tipo,0,0
KLTM0084,TERMO ELECTRICO,Sin Tipo,0,0
KLCL0006,CALDERAS,Sin Tipo,0,0
KLRA0020,RADIADORES,Sin Tipo,0,0
KLTM0004,TERMO ELECTRICO,Sin Tipo,0,0
KLCA0050,CALEFONT,Sin Tipo,0,0
KLBC0038,BOMBA DE CALOR,Sin Tipo,0,0
KLMA0028,MALLA ELECTRICA,Sin Tipo,0,0
KLCL0156,CALDERAS,Sin Tipo,0,0
KLPB0005,PISCINA ESTRUCTURAL,Sin Tipo,0,0
KLES0068,ESTUFAS,Sin Tipo,0,0
EXKL0009,PRODUCTOS EXHIBICION KENNEDY,Sin Tipo,0,0
EXTP0001,PRODUCTOS EXHIBICION KENNEDY,Sin Tipo,0,0
KLRA0037,RADIADORES,Sin Tipo,0,0
KLRA0044,RADIADORES,Sin Tipo,0,0
KLFA0009,FANCOIL,Sin Tipo,0,0
KLAP0008,ACCESORIOS PISCINA,Sin Tipo,0,0
KLCA0075,CALEFONT,Sin Tipo,0,0
KLHT0007,PACK AEROTUB 7,Sin Tipo,0,0
KLEF0064A,AIRE ACONDICIONADO,Sin Tipo,0,0
KLCA0023,CALEFONT,Sin Tipo,0,0
KLRA0029,RADIADORES,Sin Tipo,0,0
KLEF0025,AIRE ACONDICIONADO,Sin Tipo,0,0
KLMU0078,MUESTRAS,Sin Tipo,0,0
KLEF0051,AIRE ACONDICIONADO,Sin Tipo,0,0
KLMA0048,MALLA ELECTRICA,Sin Tipo,0,0
KLTE0010,TERMOSTATOS,Sin Tipo,0,0
KLES0058,ESTUFAS,Sin Tipo,0,0
KLES0062,CALEFACTOR MURAL,Sin Tipo,0,0
KLBC0099,BOMBA DE CALOR,Sin Tipo,0,0
KLEF0019,AIRE ACONDICIONADO,Sin Tipo,0,0
KLRA0057,RA RADIADORES,Sin Tipo,0,0
KLTM0050,TERMO ELECTRICO,Sin Tipo,0,0
KLCH0002,CAPEHORN,Sin Tipo,0,0
KLFA0017,FANCOIL,Sin Tipo,0,0
KLMA0045,MALLA ELECTRICA,Sin Tipo,0,0
KLAP0011,ACCESORIOS PISCINA,Sin Tipo,0,0
KLPB0010,PISCINA ESTRUCTURAL,Sin Tipo,0,0
KLHT0019,HOT TUB,Sin Tipo,0,0
KLAP0057,ACCESORIOS PISCINA,Sin Tipo,0,0
KLST0004,REPUESTO SSTT,Sin Tipo,0,0
KLVT0000,VENTILADOR,Sin Tipo,0,0
KLBC0101,BOMBA DE CALOR,Sin Tipo,0,0
KLCA0038,CALEFONT,Sin Tipo,0,0
KLCL0117,CALDERAS,Sin Tipo,0,0
KLRA0021,RADIADORES,Sin Tipo,0,0
KLTM0038,TERMO ELECTRICO,Sin Tipo,0,0
KLBC0037,BOMBA DE CALOR,Sin Tipo,0,0
KLFA0001,FANCOIL,Sin Tipo,0,0
KLTM0049,TERMO ELECTRICO,Sin Tipo,0,0
KLEF0050,AIRE ACONDICIONADO,Sin Tipo,0,0
KLTM0071,TERMO ELECTRICO,Sin Tipo,0,0
KLBC0072,BOMBA DE CALOR,Sin Tipo,0,0
KLES0084,ESTUFAS,Sin Tipo,0,0
KLST0001,REPUESTO SSTT,Sin Tipo,0,0
KLCL0091,CALDERAS,Sin Tipo,0,0
KLEF0010,AIRE ACONDICIONADO,Sin Tipo,0,0
KLES0010,ESTUFAS,Sin Tipo,0,0
KLRA0030,RADIADORES,Sin Tipo,0,0
KLTM0031,TERMO ELECTRICO,Sin Tipo,0,0
KLC0054,CALEFONT,Sin Tipo,0,0
KLBC0043,BOMBA DE CALOR,Sin Tipo,0,0
KLMA0001,MALLA ELECTRICA,Sin Tipo,0,0
KLMA0027,MALLA ELECTRICA,Sin Tipo,0,0
KLMA0049,MALLA ELECTRICA,Sin Tipo,0,0
KLEF0063,AIRE ACONDICIONADO,Sin Tipo,0,0
KLRE 0005,REFRIGERADOR,Sin Tipo,0,0
KLPB0006,PISCINA ESTRUCTURAL,Sin Tipo,0,0
KLRO0005,ROBOT,Sin Tipo,0,0
KLCL0065,CALDERAS,Sin Tipo,0,0
KLEF0009,AIRE ACONDICIONADO,Sin Tipo,0,0
KLES0030,ESTUFAS,Sin Tipo,0,0
KLMU0014,MUESTRAS,Sin Tipo,0,0
KLRA0043,RADIADORES,Sin Tipo,0,0
1491223357,ESTUFAS,Sin Tipo,0,0
KLMA0023,MALLA ELECTRICA,Sin Tipo,0,0
KLTM0046,TERMO ELECTRICO,Sin Tipo,0,0
KLAP0044,ACCESORIOS PISCINA,Sin Tipo,0,0
KLBR0010,BRASERO,Sin Tipo,0,0
KLCL0011,CALDERAS,Sin Tipo,0,0
KLCL0021,CALDERAS,Sin Tipo,0,0
KLCL0028,CALDERAS,Sin Tipo,0,0
KLRA0006,RADIADORES,Sin Tipo,0,0
KLRA0059,RA RADIADORES,Sin Tipo,0,0
KLRA0060,RA RADIADORES,Sin Tipo,0,0
KLTM0028,TERMO ELECTRICO,Sin Tipo,0,0
KLFA0018,FANCOIL,Sin Tipo,0,0
KLEF0056,AIRE ACONDICIONADO,Sin Tipo,0,0
KLCN 0012,CALDERAS,Sin Tipo,0,0
KLEF0066,AIRE ACONDICIONADO,Sin Tipo,0,0
KLBR0007,BRASERO,Sin Tipo,0,0
KLGE0006,GENERADOR,Sin Tipo,0,0
EXKL0029,PRODUCTOS EXHIBICION KENNEDY,Sin Tipo,0,0
KLCL0035,CALDERAS,Sin Tipo,0,0
KLMU0013,MUESTRAS,Sin Tipo,0,0
KLPI0002,CALEFACTOR DE PISCINA,Sin Tipo,0,0
KLEF0034,AIRE ACONDICIONADO,Sin Tipo,0,0
KLFA0012,FANCOIL,Sin Tipo,0,0
EXKL0012,PRODUCTOS EXHIBICION KENNEDY,Sin Tipo,0,0
KLMA0013,MALLA ELECTRICA,Sin Tipo,0,0
KLEF0035,AIRE ACONDICIONADO,Sin Tipo,0,0
KLEF0044,AIRE ACONDICIONADO,Sin Tipo,0,0
KLEF0089,AIRE ACONDICIONADO,Sin Tipo,0,0
KLGE0008,GENERADOR,Sin Tipo,0,0
EXKL0000,PRODUCTOS EXHIBICION KENNEDY,Sin Tipo,0,0
EXKL0013,PRODUCTOS EXHIBICION KENNEDY,Sin Tipo,0,0
KLCA0003,CALEFONT,Sin Tipo,0,0
KLCA0018,CALEFONT,Sin Tipo,0,0
KLCL0022,CALDERAS,Sin Tipo,0,0
KLCL0047,CALDERAS,Sin Tipo,0,0
KLES0033,CALEFACTOR MURAL,Sin Tipo,0,0
KLRP0004,REPUESTO,Sin Tipo,0,0
KLET0001,ESTUFA A PELLET,Sin Tipo,0,0
KLST0013,REPUESTO SSTT,Sin Tipo,0,0
KLBC0009,BOMBA DE CALOR,Sin Tipo,0,0
KLEF0014,AIRE ACONDICIONADO,Sin Tipo,0,0
KLVA0002,VALVULAS,Sin Tipo,0,0
KLVA0025,VALVULAS,Sin Tipo,0,0
KLSE0001,DESPACHO,Sin Tipo,0,0
KLTM0044,TERMO ELECTRICO,Sin Tipo,0,0
KLES0044,CALEFACTOR MURAL,Sin Tipo,0,0
KLFA0021,FANCOIL,Sin Tipo,0,0
KLSU0009,SUP,Sin Tipo,0,0
KLST0012,REPUESTO SSTT,Sin Tipo,0,0
EXKL0015,PRODUCTOS EXHIBICION KENNEDY,Sin Tipo,0,0
KLEF0058,AIRE ACONDICIONADO,Sin Tipo,0,0
KLFA0029,FANCOIL,Sin Tipo,0,0
KLES0054,ESTUFAS,Sin Tipo,0,0
KLME0011,MEDICION,Sin Tipo,0,0
KLPB0016,PISCINA ESTRUCTURAL,Sin Tipo,0,0
KLEF0002A,AIRE ACONDICIONADO,Sin Tipo,0,0
KLPE005,PERGOLA BIOPRO (3X3) MANUAL,Sin Tipo,0,0
KLPB0022C,PISCINA ESTRUCTURAL,Sin Tipo,0,0
KLCA0010,CALEFONT,Sin Tipo,0,0
KLCA0030,CALEFONT,Sin Tipo,0,0
KLEF0008,AIRE ACONDICIONADO,Sin Tipo,0,0
KLRA0068,RA RADIADORES,Sin Tipo,0,0
KLRA0071,RA RADIADORES,Sin Tipo,0,0
KLMU0069,MUESTRAS,Sin Tipo,0,0
KLFA0024,FANCOIL,Sin Tipo,0,0
KLET0003,ESTUFA A PELLET,Sin Tipo,0,0
1552935698952,CALDERAS,Sin Tipo,0,0
KLRC0006,SISTEMAS ERV,Sin Tipo,0,0
KLPE007A,PÉRGOLA,Sin Tipo,0,0
EXTP0011,PRODUCTOS EXHIBICION KENNEDY,Sin Tipo,0,0
EXTP0009,PRODUCTOS EXHIBICION KENNEDY,Sin Tipo,0,0
KLCL0120,CALDERAS,Sin Tipo,0,0
KLMU0016,MUESTRAS,Sin Tipo,0,0
KLAP0016,ACCESORIOS PISCINA,Sin Tipo,0,0
KLAP0023,ACCESORIOS PISCINA,Sin Tipo,0,0
KLST0007,REPUESTO SSTT,Sin Tipo,0,0
KLCL0008,CALDERAS,Sin Tipo,0,0
KLCA0054,CALEFONT,Sin Tipo,0,0
KLVA0042,VALVULAS,Sin Tipo,0,0
KLMA0021,MALLA ELECTRICA,Sin Tipo,0,0
KLEF0047,AIRE ACONDICIONADO,Sin Tipo,0,0
KLCL0155,CALDERAS,Sin Tipo,0,0
KLAP0009,ACCESORIOS PISCINA,Sin Tipo,0,0
KLAP0028,ACCESORIOS PISCINA,Sin Tipo,0,0
KLEF0086,AIRE ACONDICIONADO,Sin Tipo,0,0
1615911061075,CALEFACTOR MURAL,Sin Tipo,0,0
KLGE0016,GENERADOR,Sin Tipo,0,0
KLBR0005,BRASERO,Sin Tipo,0,0
KLBC0089,BOMBA DE CALOR,Sin Tipo,0,0
KLCL0107,CALDERAS,Sin Tipo,0,0
KLEF0015,AIRE ACONDICIONADO,Sin Tipo,0,0
KLMU0021,MUESTRAS,Sin Tipo,0,0
KLTG0007,TERMO A GAS,Sin Tipo,0,0
KLCA0070,CALEFONT,Sin Tipo,0,0
KLTE0009,TERMOSTATOS,Sin Tipo,0,0
KLPB0012,PISCINA ESTRUCTURAL,Sin Tipo,0,0
EXTP0002,PRODUCTOS EXHIBICION KENNEDY,Sin Tipo,0,0
KLCL0081,CALDERAS,Sin Tipo,0,0
KLRA0047,RADIADORES,Sin Tipo,0,0
KLCA0064,CALEFONT,Sin Tipo,0,0
KLBC0039,BOMBA DE CALOR,Sin Tipo,0,0
KLES0047,CALEFACTOR MURAL,Sin Tipo,0,0
KLEF0004A,AIRE ACONDICIONADO,Sin Tipo,0,0
EXTP0008,PRODUCTOS EXHIBICION KENNEDY,Sin Tipo,0,0
KLCL0119,CALDERAS,Sin Tipo,0,0
KLES0005,ESTUFAS,Sin Tipo,0,0
KLIN0014,INVERSOR,Sin Tipo,0,0
KLRA0040,RADIADORES,Sin Tipo,0,0
KLRA0065,RA RADIADORES,Sin Tipo,0,0
KLDI0006,DESINCRUSTADOR,Sin Tipo,0,0
KLES0091,ESTUFAS,Sin Tipo,0,0
KLVT0006,VENTILADOR,Sin Tipo,0,0
KLCA0005,CALEFONT,Sin Tipo,0,0
KLCL0138,CALDERAS,Sin Tipo,0,0
KLEF0002,AIRE ACONDICIONADO,Sin Tipo,0,0
KLCL0012,CALDERAS,Sin Tipo,0,0
KLCL0090,CALDERAS,Sin Tipo,0,0
KLME0008,CONTROL,Sin Tipo,0,0
KLBC0030,BOMBA DE CALOR,Sin Tipo,0,0
KLMA0002,MALLA ELECTRICA,Sin Tipo,0,0
KLMA0033,MALLA ELECTRICA,Sin Tipo,0,0
KLEF0053,AIRE ACONDICIONADO,Sin Tipo,0,0
KLHT0009,HOT TUB,Sin Tipo,0,0
KLSU0006,SUP,Sin Tipo,0,0
KLPE012,PÉRGOLA,Sin Tipo,0,0
KLCA0002,CALEFONT,Sin Tipo,0,0
KLCA0016,CALEFONT,Sin Tipo,0,0
KLCA0025,CALEFONT,Sin Tipo,0,0
KLCL0103,CALDERAS,Sin Tipo,0,0
KLCL0110,CALDERAS,Sin Tipo,0,0
KLTM0006,TERMO ELECTRICO,Sin Tipo,0,0
KLPE0002,TUBERIA PEX,Sin Tipo,0,0
KLCO0005,CORTINAS DE AIRE,Sin Tipo,0,0
KLTM0074,TERMO ELECTRICO,Sin Tipo,0,0
KLBC0069,BOMBA DE CALOR,Sin Tipo,0,0
KLPE008D,PÉRGOLA,Sin Tipo,0,0
EXKL0003,PRODUCTOS EXHIBICION KENNEDY,Sin Tipo,0,0
KLSE0009,SERVICIO,Sin Tipo,0,0
KLES0101,CALEFACTOR MURAL,Sin Tipo,0,0
KLCL0052,CALDERAS,Sin Tipo,0,0
KLCL0109,CALDERAS,Sin Tipo,0,0
KLEF0001,AIRE ACONDICIONADO,Sin Tipo,0,0
KLTM0016,TERMO ELECTRICO,Sin Tipo,0,0
KLCA0058,CALEFONT,Sin Tipo,0,0
KLPA0006,PEX O FITTING,Sin Tipo,0,0
KLAP0022,ACCESORIOS PISCINA,Sin Tipo,0,0
KLAP0027,ACCESORIOS PISCINA,Sin Tipo,0,0
KLBC0079,BOMBA DE CALOR,Sin Tipo,0,0
EXKL0022,PRODUCTOS EXHIBICION KENNEDY,Sin Tipo,0,0
KLCL0026,CALDERAS,Sin Tipo,0,0
KLIN0012,INVERSOR,Sin Tipo,0,0
KLRA0001,RADIADORES,Sin Tipo,0,0
KLRA0070,RA RADIADORES,Sin Tipo,0,0
KLFA0019,FANCOIL,Sin Tipo,0,0
KLMA0050,MALLA ELECTRICA,Sin Tipo,0,0
EXKL0004,PRODUCTOS EXHIBICION KENNEDY,Sin Tipo,0,0
KLCA0027,CALEFONT,Sin Tipo,0,0
KLCA0045,CALEFONT,Sin Tipo,0,0
KLCL0088,CALDERAS,Sin Tipo,0,0
KLMA0011,MALLA ELECTRICA,Sin Tipo,0,0
KLBC0047,BOMBA DE CALOR,Sin Tipo,0,0
1552935617939,RADIADORES,Sin Tipo,0,0
KLBC0064,BOMBA DE CALOR,Sin Tipo,0,0
KLRC0002,SISTEMAS ERV,Sin Tipo,0,0
KLCL0053,CALDERAS,Sin Tipo,0,0
KLCL0093,CALDERAS,Sin Tipo,0,0
KLMU0017,MUESTRAS,Sin Tipo,0,0
KLRA0046,RADIADORES,Sin Tipo,0,0
KLCA0065,CALEFONT,Sin Tipo,0,0
KLMA0051,MALLA ELECTRICA,Sin Tipo,0,0
KLAP0012,ACCESORIOS PISCINA,Sin Tipo,0,0
KLTE0011,TERMOSTATOS,Sin Tipo,0,0
KLAP0032,ACCESORIOS PISCINA,Sin Tipo,0,0
KLRO0004,ROBOT,Sin Tipo,0,0
EXKL0007,PRODUCTOS EXHIBICION KENNEDY,Sin Tipo,0,0
KLIN0005,INVERSOR,Sin Tipo,0,0
KLMA0042,MALLA ELECTRICA,Sin Tipo,0,0
KLCO0006,CORTINAS DE AIRE,Sin Tipo,0,0
KLTM0067,TERMO ELECTRICO,Sin Tipo,0,0
KLPB0008,PISCINA ESTRUCTURAL,Sin Tipo,0,0
KLCL0013,CALDERAS,Sin Tipo,0,0
KLES0001,ESTUFAS,Sin Tipo,0,0
KLMA0038,MALLA ELECTRICA,Sin Tipo,0,0
KLAP0025,ACCESORIOS PISCINA,Sin Tipo,0,0
KLPB0001,PISCINA ESTRUCTURAL,Sin Tipo,0,0
KLBR0004,BRASERO,Sin Tipo,0,0
KLBC0078,BOMBA DE CALOR,Sin Tipo,0,0
KLEF0090A,AIRE ACONDICIONADO,Sin Tipo,0,0
KLRA0052,RADIADORES,Sin Tipo,0,0
KLRA0063,RA RADIADORES,Sin Tipo,0,0
KLTM0011,TERMO ELECTRICO,Sin Tipo,0,0
KLMA0017,MALLA ELECTRICA,Sin Tipo,0,0
KLEF0038,AIRE ACONDICIONADO,Sin Tipo,0,0
KLCR0004,COLECTOR CALEFACCION,Sin Tipo,0,0
KLDS0001,DESHUMIDIFICADOR,Sin Tipo,0,0
KLTM0081,TERMO ELECTRICO,Sin Tipo,0,0
KLRA0012,RADIADORES,Sin Tipo,0,0
KLCA0068,CALEFONT,Sin Tipo,0,0
KLCP0002,MANTA TERMICA PISCINA,Sin Tipo,0,0
KLMU0081,MUESTRAS,Sin Tipo,0,0
1552934394649,CALEFACTOR MURAL,Sin Tipo,0,0
KLSU0008,SUP,Sin Tipo,0,0
KLPE0001,TUBERIA PEX,Sin Tipo,0,0
KLC0053,CALEFONT,Sin Tipo,0,0
KLCA0055,CALEFONT,Sin Tipo,0,0
KLTG0004,TERMO A GAS,Sin Tipo,0,0
KLMA0003,MALLA ELECTRICA,Sin Tipo,0,0
KLFA0025,FANCOIL,Sin Tipo,0,0
KLHT0004,HOT TUB,Sin Tipo,0,0
KLHT0013,HOT TUB,Sin Tipo,0,0
KLES0079,CALEFACTOR MURAL,Sin Tipo,0,0
KLEF0022,AIRE ACONDICIONADO,Sin Tipo,0,0
KLES0002,ESTUFAS,Sin Tipo,0,0
KLME0009,CONTROL,Sin Tipo,0,0
KLMA0044,MALLA ELECTRICA,Sin Tipo,0,0
KLES0052,CALEFACTOR MURAL,Sin Tipo,0,0
1552935543472,ESTUFAS,Sin Tipo,0,0
KLPA0014,PEX O FITTING,Sin Tipo,0,0
KLEF0070,AIRE ACONDICIONADO,Sin Tipo,0,0
KLCA0013,CALEFONT,Sin Tipo,0,0
KLCL0003,CALDERAS,Sin Tipo,0,0
KLCL0121,CALDERAS,Sin Tipo,0,0
KLMA0035,MALLA ELECTRICA,Sin Tipo,0,0
KLEF0032,AIRE ACONDICIONADO,Sin Tipo,0,0
KLES0055,ESTUFAS,Sin Tipo,0,0
KLAP0036,ACCESORIOS PISCINA,Sin Tipo,0,0
KLAP0042,ACCESORIOS PISCINA,Sin Tipo,0,0
KLPB0007,PISCINA ESTRUCTURAL,Sin Tipo,0,0
KLBC0070,BOMBA DE CALOR,Sin Tipo,0,0
LOHE0001,HERRAMIENTAS ELECTRICAS,Sin Tipo,0,0
KLTM0082,TERMO ELECTRICO,Sin Tipo,0,0
KLCL0046,CALDERAS,Sin Tipo,0,0
KLRA0062,RA RADIADORES,Sin Tipo,0,0
KLMA0029,MALLA ELECTRICA,Sin Tipo,0,0
KLCA0073,CALEFONT,Sin Tipo,0,0
KLHT0002,HOT TUB,Sin Tipo,0,0
KLBC0096,BOMBA DE CALOR,Sin Tipo,0,0
1496846161344,TERMOSTATO SIMPLE ANALOGO TA3 LUZ PILOTO Y ON OFF,Sin Tipo,0,0
KLEF0041,AIRE ACONDICIONADO,Sin Tipo,0,0
KLIC0001,INTERCAMBIADOR DE CALOR,Sin Tipo,0,0
KLEF0068,AIRE ACONDICIONADO,Sin Tipo,0,0
KLEF0083,AIRE ACONDICIONADO,Sin Tipo,0,0
KLES0072,ESTUFAS,Sin Tipo,0,0
KLST0005,REPUESTO SSTT,Sin Tipo,0,0
KLCL0115,CALDERAS,Sin Tipo,0,0
KLEF0012,AIRE ACONDICIONADO,Sin Tipo,0,0
KLME0003,MEDICION,Sin Tipo,0,0
KLCO0004,CORTINAS DE AIRE,Sin Tipo,0,0
KLTM0057,TERMO ELECTRICO,Sin Tipo,0,0
KLBC0068,BOMBA DE CALOR,Sin Tipo,0,0
KLBC0102,BOMBA DE CALOR,Sin Tipo,0,0
KLCL0126,CALDERAS,Sin Tipo,0,0
KLMU0023,MUESTRAS,Sin Tipo,0,0
KLRA0026,RADIADORES,Sin Tipo,0,0
KLEF0043,AIRE ACONDICIONADO,Sin Tipo,0,0
KLET0002,ESTUFA A PELLET,Sin Tipo,0,0
KLAP0020,ACCESORIOS PISCINA,Sin Tipo,0,0
KLPS0007,PANEL SOLAR,Sin Tipo,0,0
KLRC0001,SISTEMAS ERV,Sin Tipo,0,0
KLPB0023,PISCINA ESTRUCTURAL,Sin Tipo,0,0
KLPE008,PERGOLA BIOPRO (4X3) AUTOMATICA,Sin Tipo,0,0
EXKL0014,PRODUCTOS EXHIBICION KENNEDY,Sin Tipo,0,0
KLCA0008,CALEFONT,Sin Tipo,0,0
KLCL0029,CALDERAS,Sin Tipo,0,0
KLES0006,ESTUFAS,Sin Tipo,0,0
KLES0017,ESTUFAS,Sin Tipo,0,0
KLMU0020,MUESTRAS,Sin Tipo,0,0
KLTM0009,TERMO ELECTRICO,Sin Tipo,0,0
KLHT0010,HOT TUB,Sin Tipo,0,0
EXKL0019,PRODUCTOS EXHIBICION KENNEDY,Sin Tipo,0,0
KLCL0124,CALDERAS,Sin Tipo,0,0
KLEF0033,AIRE ACONDICIONADO,Sin Tipo,0,0
KLEF0049,AIRE ACONDICIONADO,Sin Tipo,0,0
1564782804527,PACK POOLTEMP 14 + MANTA 5X9,Sin Tipo,0,0
KLEF0073,AIRE ACONDICIONADO,Sin Tipo,0,0
KLCL0033,CALDERAS,Sin Tipo,0,0
KLRA0009,RADIADORES,Sin Tipo,0,0
KLCA0047,CALEFONT,Sin Tipo,0,0
KLTM0026,TERMO ELECTRICO,Sin Tipo,0,0
KLRA0073,RADIADORES,Sin Tipo,0,0
KLBC0062,BOMBA DE CALOR,Sin Tipo,0,0
KLCR0003,COLECTOR CALEFACCION,Sin Tipo,0,0
KLAP0014,ACCESORIOS PISCINA,Sin Tipo,0,0
KLEF0062,AIRE ACONDICIONADO,Sin Tipo,0,0
KLAP0021,ACCESORIOS PISCINA,Sin Tipo,0,0
KLES0063,CALEFACTOR MURAL,Sin Tipo,0,0
KLBC0077,BOMBA DE CALOR,Sin Tipo,0,0
KLES0071,ESTUFAS,Sin Tipo,0,0
KLEF0006A,AIRE ACONDICIONADO,Sin Tipo,0,0
KLEF0094,AIRE ACONDICIONADO,Sin Tipo,0,0
KLGE0014,GENERADOR,Sin Tipo,0,0
KLTM0005,TERMO ELECTRICO,Sin Tipo,0,0
KLTM0029,TERMO ELECTRICO,Sin Tipo,0,0
KLTM0040,TERMO ELECTRICO,Sin Tipo,0,0
1491223373,ESTUFAS,Sin Tipo,0,0
KLBC0024,BOMBA DE CALOR,Sin Tipo,0,0
KLBC0029,BOMBA DE CALOR,Sin Tipo,0,0
KLMA0037,MALLA ELECTRICA,Sin Tipo,0,0
KLFA0010,FANCOIL,Sin Tipo,0,0
1552934512,CALEFACTOR MURAL,Sin Tipo,0,0
1533138546065,COLECTOR CALEFACCION,Sin Tipo,0,0
KLTM0058,TERMO ELECTRICO,Sin Tipo,0,0
KLAP0038,ACCESORIOS PISCINA,Sin Tipo,0,0
KLEF0095,AIRE ACONDICIONADO,Sin Tipo,0,0
KLES0077,CALEFACTOR MURAL,Sin Tipo,0,0
EXKL0023,PRODUCTOS EXHIBICION KENNEDY,Sin Tipo,0,0
KLBC0100,BOMBA DE CALOR,Sin Tipo,0,0
KLES0035,CALEFACTOR MURAL,Sin Tipo,0,0
KLFA0003,FANCOIL,Sin Tipo,0,0
KLTM0052,TERMO ELECTRICO,Sin Tipo,0,0
KLTM0070,TERMO ELECTRICO,Sin Tipo,0,0
KLRP0006,REPUESTO,Sin Tipo,0,0
KLEF0093,AIRE ACONDICIONADO,Sin Tipo,0,0
KLEF0096,AIRE ACONDICIONADO,Sin Tipo,0,0
EXTP0006,PRODUCTOS EXHIBICION KENNEDY,Sin Tipo,0,0
KLEF0000,AIRE ACONDICIONADO,Sin Tipo,0,0
KLCL0079,CALDERAS,Sin Tipo,0,0
KLCL0123,CALDERAS,Sin Tipo,0,0
KLRA0002,RADIADORES,Sin Tipo,0,0
KLTM0019,TERMO ELECTRICO,Sin Tipo,0,0
KLCA0061,CALEFONT,Sin Tipo,0,0
KLBC0036,BOMBA DE CALOR,Sin Tipo,0,0
KLPB0015,PISCINA ESTRUCTURAL,Sin Tipo,0,0
KLBR0003,BRASERO,Sin Tipo,0,0
KLTM0078,TERMO ELECTRICO,Sin Tipo,0,0
KLTM0079,TERMO ELECTRICO,Sin Tipo,0,0
EXKL0020,PRODUCTOS EXHIBICION KENNEDY,Sin Tipo,0,0
KLCL0094,CALDERAS,Sin Tipo,0,0
KLTE0005,TERMOSTATOS,Sin Tipo,0,0
KLTM0010,TERMO ELECTRICO,Sin Tipo,0,0
KLES0038,CALEFACTOR MURAL,Sin Tipo,0,0
KLCL0143,CALDERAS,Sin Tipo,0,0
KLES0041,ESTUFAS,Sin Tipo,0,0
KLAP0005,ACCESORIOS PISCINA,Sin Tipo,0,0
KLGE0004,GENERADOR,Sin Tipo,0,0
KLHT0014A,HOT TUB,Sin Tipo,0,0
KLCL0016,CALDERAS,Sin Tipo,0,0
KLCL0082,CALDERAS,Sin Tipo,0,0
KLCL0127,CALDERAS,Sin Tipo,0,0
KLCL0139,CALDERAS,Sin Tipo,0,0
KLES0026,ESTUFAS,Sin Tipo,0,0
KLVA0046,VALVULAS,Sin Tipo,0,0
KLAK0001,ACCESORIOS DE CALEFACCION,Sin Tipo,0,0
ABCD0001A,PRUEBA,Sin Tipo,0,0
ABCD0001B,PRUEBA,Sin Tipo,0,0
LOHE0003,HERRAMIENTAS ELECTRICAS,Sin Tipo,0,0
KLEF0104,AIRE ACONDICIONADO,Sin Tipo,0,0
KLIN0007,INVERSOR,Sin Tipo,0,0
KLMU0022,MUESTRAS,Sin Tipo,0,0
KLTG0003,TERMO A GAS,Sin Tipo,0,0
KLPA0002,PEX O FITTING,Sin Tipo,0,0
1494510586971,PACK 3 WALLY C 1000,Sin Tipo,0,0
KLTM0066,TERMO ELECTRICO,Sin Tipo,0,0
KLPB0011,PISCINA ESTRUCTURAL,Sin Tipo,0,0
KLEF0003A,AIRE ACONDICIONADO,Sin Tipo,0,0
KLPE007,PERGOLA BIOPRO (3X3) AUTOMATICA,Sin Tipo,0,0
KLST0014,REPUESTO SSTT,Sin Tipo,0,0
KLVT0004,VENTILADOR,Sin Tipo,0,0
KLGE0017,GENERADOR,Sin Tipo,0,0
KLCL0122,CALDERAS,Sin Tipo,0,0
KLES0015,ESTUFAS,Sin Tipo,0,0
KLAP0030,ACCESORIOS PISCINA,Sin Tipo,0,0
KLMP0001,MATERIAL PUBLICITARIO,Sin Tipo,0,0
KLHT0018,HOT TUB,Sin Tipo,0,0
EXKL0005,PRODUCTOS EXHIBICION KENNEDY,Sin Tipo,0,0
EXKL0010,PRODUCTOS EXHIBICION KENNEDY,Sin Tipo,0,0
KLCA0039,CALEFONT,Sin Tipo,0,0
KLMU0033,MUESTRAS,Sin Tipo,0,0
KLRA0069,RA RADIADORES,Sin Tipo,0,0
KLPA0003,PEX O FITTING,Sin Tipo,0,0
1494510641940,PACK 3 WALLY C 1500,Sin Tipo,0,0
KLEF0054,AIRE ACONDICIONADO,Sin Tipo,0,0
KLRP0005,REPUESTO,Sin Tipo,0,0
EXTP0000,PRODUCTOS EXHIBICION KENNEDY,Sin Tipo,0,0
KLMU0012,MUESTRAS,Sin Tipo,0,0
KLTM0001,TERMO ELECTRICO,Sin Tipo,0,0
KLMA0012,MALLA ELECTRICA,Sin Tipo,0,0
KLAP0034,ACCESORIOS PISCINA,Sin Tipo,0,0
KLHT0015,HOT TUB,Sin Tipo,0,0
KLPE009A,PÉRGOLA,Sin Tipo,0,0
KLEF0098,AIRE ACONDICIONADO,Sin Tipo,0,0
KLCA0011,CALEFONT,Sin Tipo,0,0
KLCL0032,CALDERAS,Sin Tipo,0,0
KLRA0008,RADIADORES,Sin Tipo,0,0
KLVA0040,VALVULAS,Sin Tipo,0,0
KLPA0012,PEX O FITTING,Sin Tipo,0,0
KLCL0160,CALDERAS,Sin Tipo,0,0
KLEF0099,AIRE ACONDICIONADO,Sin Tipo,0,0
EXTP0007,PRODUCTOS EXHIBICION KENNEDY,Sin Tipo,0,0
KLCA0022,CALEFONT,Sin Tipo,0,0
KLCA0034,CALEFONT,Sin Tipo,0,0
KLTE00061,TERMOSTATO SIMPLE ANALOGO TA3 LUZ PILOTO Y ON OFF,Sin Tipo,0,0
KLTM0072,TERMO ELECTRICO,Sin Tipo,0,0
KLSU0014,SUP,Sin Tipo,0,0
KLDI0005,DESINCRUSTADOR,Sin Tipo,0,0
KLIL 0007,ILUMINACIÓN,Sin Tipo,0,0
KLME0004,MEDICION,Sin Tipo,0,0
KLRA0058,RA RADIADORES,Sin Tipo,0,0
KLMA0020,MALLA ELECTRICA,Sin Tipo,0,0
KLCL0149,CALDERAS,Sin Tipo,0,0
KLTM0024,TERMO ELECTRICO,Sin Tipo,0,0
KLTM0025,TERMO ELECTRICO,Sin Tipo,0,0
KLBC0031,BOMBA DE CALOR,Sin Tipo,0,0
KLTE0007,TERMOSTATOS,Sin Tipo,0,0
1495038317220,MUESTRA SICAL WALLY 1500C,Sin Tipo,0,0
1552938314297,CALEFACTOR MURAL,Sin Tipo,0,0
KLHT0003,HOT TUB,Sin Tipo,0,0
KLSU0010,SUP,Sin Tipo,0,0
KLPE007C,PÉRGOLA,Sin Tipo,0,0
KLST0011,REPUESTO SSTT,Sin Tipo,0,0
KLCL0055,CALDERAS,Sin Tipo,0,0
KLCL0131,CALDERAS,Sin Tipo,0,0
KLAP0006,ACCESORIOS PISCINA,Sin Tipo,0,0
KLEF0048,AIRE ACONDICIONADO,Sin Tipo,0,0
KLES0046,CALEFACTOR MURAL,Sin Tipo,0,0
KLEF0065,AIRE ACONDICIONADO,Sin Tipo,0,0
KLEF0088,AIRE ACONDICIONADO,Sin Tipo,0,0
KLPB0023A,PISCINA ESTRUCTURAL,Sin Tipo,0,0
KLTM0085,TERMO ELECTRICO,Sin Tipo,0,0
KLTM0014,TERMO ELECTRICO,Sin Tipo,0,0
KLTM0032,TERMO ELECTRICO,Sin Tipo,0,0
KLEF0081,AIRE ACONDICIONADO,Sin Tipo,0,0
KLPB0020,PISCINA ESTRUCTURAL,Sin Tipo,0,0
KLST0002,REPUESTO SSTT,Sin Tipo,0,0
KLCA0071,CALEFONT,Sin Tipo,0,0
KLRP0002,REPUESTO,Sin Tipo,0,0
KLPB0019,PISCINA ESTRUCTURAL,Sin Tipo,0,0
KLPB0027,PISCINA ESTRUCTURAL,Sin Tipo,0,0
KLHT0016,HOT TUB,Sin Tipo,0,0
1552934488,CALEFACTOR MURAL,Sin Tipo,0,0
KLTM0076,TERMO ELECTRICO,Sin Tipo,0,0
KLES0078,CALEFACTOR MURAL,Sin Tipo,0,0
KLHU0002,HUMIDIFICADORES,Sin Tipo,0,0
KLIN0002,INVERSOR,Sin Tipo,0,0
KLTM0045,TERMO ELECTRICO,Sin Tipo,0,0
KLMA0018,MALLA ELECTRICA,Sin Tipo,0,0
KLBC0048,BOMBA DE CALOR,Sin Tipo,0,0
KLES0039,CALEFACTOR MURAL,Sin Tipo,0,0
KLAP0003,ACCESORIOS PISCINA,Sin Tipo,0,0
KLFA0023,FANCOIL,Sin Tipo,0,0
1564782574076,PACK WALLY GLASS 1000,Sin Tipo,0,0
KLEF0087,AIRE ACONDICIONADO,Sin Tipo,0,0
KLPB0028,PISCINA ESTRUCTURAL,Sin Tipo,0,0
KLBC0080,BOMBA DE CALOR,Sin Tipo,0,0
KLSU0016,SUP,Sin Tipo,0,0
KLCL0114,CALDERAS,Sin Tipo,0,0
KLES0018,ESTUFAS,Sin Tipo,0,0
KLRA0007,RADIADORES,Sin Tipo,0,0
KLMA0005,MALLA ELECTRICA,Sin Tipo,0,0
KLIN0016,INVERSOR,Sin Tipo,0,0
KLEF0036,AIRE ACONDICIONADO,Sin Tipo,0,0
KLBC0067,BOMBA DE CALOR,Sin Tipo,0,0
KLCL0096,CALDERAS,Sin Tipo,0,0
KLSE0006,SERVICIO,Sin Tipo,0,0
KLPA0011,PEX O FITTING,Sin Tipo,0,0
KLCA0072,CALEFONT,Sin Tipo,0,0
KLEF0078,AIRE ACONDICIONADO,Sin Tipo,0,0
EXKL0006,PRODUCTOS EXHIBICION KENNEDY,Sin Tipo,0,0
EXKL0008,PRODUCTOS EXHIBICION KENNEDY,Sin Tipo,0,0
KLTM0083,TERMO ELECTRICO,Sin Tipo,0,0
KLRA0023,RADIADORES,Sin Tipo,0,0
KLPA0013,PEX O FITTING,Sin Tipo,0,0
KLEF0031,AIRE ACONDICIONADO,Sin Tipo,0,0
KLFA0026,FANCOIL,Sin Tipo,0,0
KLCO0008,CORTINAS DE AIRE,Sin Tipo,0,0
KLAP0013,ACCESORIOS PISCINA,Sin Tipo,0,0
KLTM0061,TERMO ELECTRICO,Sin Tipo,0,0
KLTM0075,TERMO ELECTRICO,Sin Tipo,0,0
1564782739386,PACK POOLTEMP 12 + MANTA 5X8,Sin Tipo,0,0
KLCL0085,CALDERAS,Sin Tipo,0,0
KLCL0111,CALDERAS,Sin Tipo,0,0
KLHU0001,HUMIDIFICADORES,Sin Tipo,0,0
KLRA0022,RADIADORES,Sin Tipo,0,0
KLES0031,CALEFACTOR MURAL,Sin Tipo,0,0
KLPA0009,PEX O FITTING,Sin Tipo,0,0
KLCO0002,CORTINAS DE AIRE,Sin Tipo,0,0
KLCL0153,CALDERAS,Sin Tipo,0,0
KLRO0002,ROBOT,Sin Tipo,0,0
KLBC0081,BOMBA DE CALOR CALEFACCION SMARTPRO 9 INVERTER R290,Sin Tipo,0,0
KLCL0095,CALDERAS,Sin Tipo,0,0
KLES0022,ESTUFAS,Sin Tipo,0,0
KLRA0024,RADIADORES,Sin Tipo,0,0
KLTM0013,TERMO ELECTRICO,Sin Tipo,0,0
KLMA0034,MALLA ELECTRICA,Sin Tipo,0,0
KLES0043,CALEFACTOR MURAL,Sin Tipo,0,0
KLSU0001,SUP,Sin Tipo,0,0
KLEF0009A,AIRE ACONDICIONADO,Sin Tipo,0,0
KLCA0029,CALEFONT,Sin Tipo,0,0
KLEF0011,AIRE ACONDICIONADO,Sin Tipo,0,0
KLVA0007,VALVULAS,Sin Tipo,0,0
KLPU0001,PURIFICADOR,Sin Tipo,0,0
KLEF0045,AIRE ACONDICIONADO,Sin Tipo,0,0
KLMU0086,MUESTRAS,Sin Tipo,0,0
KLAP0051,ACCESORIOS PISCINA,Sin Tipo,0,0
KLAP0045A,ACCESORIOS PISCINA,Sin Tipo,0,0
KLPE006A,PÉRGOLA,Sin Tipo,0,0
KLVH0001,MAQUINARIAS ELECTRICAS,Sin Tipo,0,0
KLSU0015,SUP,Sin Tipo,0,0
KLCL0129,CALDERAS,Sin Tipo,0,0
KLCL0130,CALDERAS,Sin Tipo,0,0
KLIN0003,INVERSOR,Sin Tipo,0,0
KLRA0038,RADIADORES,Sin Tipo,0,0
KLRA0054,RADIADORES,Sin Tipo,0,0
KLPI0005,CALEFACTOR DE PISCINA,Sin Tipo,0,0
KLTM0042,TERMO ELECTRICO,Sin Tipo,0,0
KLTG0009,TERMO A GAS,Sin Tipo,0,0
KLPA0004,PEX O FITTING,Sin Tipo,0,0
KLDH0002,DESHUMIDIFICADOR,Sin Tipo,0,0
KLCL0162,CALDERAS,Sin Tipo,0,0
KLHT0011,HOT TUB,Sin Tipo,0,0
KLPB0013,PISCINA ESTRUCTURAL,Sin Tipo,0,0
KLAP0050,ACCESORIOS PISCINA,Sin Tipo,0,0
KLES0021,ESTUFAS,Sin Tipo,0,0
KLRA0067,RA RADIADORES,Sin Tipo,0,0
KLMU0082,MUESTRAS,Sin Tipo,0,0
KLEF0046,AIRE ACONDICIONADO,Sin Tipo,0,0
KLEF0055,AIRE ACONDICIONADO,Sin Tipo,0,0
KLEF0074,AIRE ACONDICIONADO,Sin Tipo,0,0
KLEF0084,AIRE ACONDICIONADO,Sin Tipo,0,0
KLSU0004,SUP,Sin Tipo,0,0
KLGE0010,GENERADOR,Sin Tipo,0,0
KLRO0006,ROBOT,Sin Tipo,0,0
KLES0013,ESTUFAS,Sin Tipo,0,0
KLRA0056,RADIADORES,Sin Tipo,0,0
KLES0034,CALEFACTOR MURAL,Sin Tipo,0,0
KLPA0008,PEX O FITTING,Sin Tipo,0,0
1495038279771,MUESTRA SICAL WALLY 1000C,Sin Tipo,0,0
KLFA0015,FANCOIL,Sin Tipo,0,0
KLGE0001,GENERADOR,Sin Tipo,0,0
KLST0010,REPUESTO SSTT,Sin Tipo,0,0
KLMU0026,MUESTRAS,Sin Tipo,0,0
KLMU0028,MUESTRAS,Sin Tipo,0,0
KLTM0022,TERMO ELECTRICO,Sin Tipo,0,0
KLMA0006,MALLA ELECTRICA,Sin Tipo,0,0
KLTM0047,TERMO ELECTRICO,Sin Tipo,0,0
KLPS0005,PANEL SOLAR,Sin Tipo,0,0
KLES0048,CALEFACTOR MURAL,Sin Tipo,0,0
KLTM0056,TERMO ELECTRICO,Sin Tipo,0,0
KLTM0065,TERMO ELECTRICO,Sin Tipo,0,0
KLHT0014,HOT TUB,Sin Tipo,0,0
KLSU0013,SUP,Sin Tipo,0,0
KLSE0008,SERVICIO,Sin Tipo,0,0
KLCL0057,CALDERAS,Sin Tipo,0,0
KLCL0066,CALDERAS,Sin Tipo,0,0
KLCL0116,CALDERAS,Sin Tipo,0,0
KLTG0001,TERMO A GAS,Sin Tipo,0,0
KLTM0030,TERMO ELECTRICO,Sin Tipo,0,0
KLFA0011,FANCOIL,Sin Tipo,0,0
1651176386,BOMBA DE CALOR,Sin Tipo,0,0
KLPB0024,PISCINA ESTRUCTURAL,Sin Tipo,0,0
KLCL0025,CALDERAS,Sin Tipo,0,0
KLCL0078,CALDERAS,Sin Tipo,0,0
KLCL0084,CALDERAS,Sin Tipo,0,0
KLCL0097,CALDERAS,Sin Tipo,0,0
KLIN0010,INVERSOR,Sin Tipo,0,0
KLTM0037,TERMO ELECTRICO,Sin Tipo,0,0
KLCL0151,CALDERAS,Sin Tipo,0,0
KLEF0085,AIRE ACONDICIONADO,Sin Tipo,0,0
KLHT0005,PACK AEROTUB 4,Sin Tipo,0,0
KLBR0006,BRASERO,Sin Tipo,0,0
KLVT0005,VENTILADOR,Sin Tipo,0,0
KLES0100,CALEFACTOR MURAL,Sin Tipo,0,0
KLCL0083,CALDERAS,Sin Tipo,0,0
KLES0027,ESTUFAS,Sin Tipo,0,0
KLIN0011,INVERSOR,Sin Tipo,0,0
KLRA0014,RADIADORES,Sin Tipo,0,0
KLRA0015,RADIADORES,Sin Tipo,0,0
KLTM0020,TERMO ELECTRICO,Sin Tipo,0,0
KLMA0032,MALLA ELECTRICA,Sin Tipo,0,0
KLMA0036,MALLA ELECTRICA,Sin Tipo,0,0
KLPB0025,PISCINA ESTRUCTURAL,Sin Tipo,0,0
KLGE0007,GENERADOR,Sin Tipo,0,0
KLCA0033,CALEFONT,Sin Tipo,0,0
KLMU0024,MUESTRAS,Sin Tipo,0,0
KLTE0003,TERMOSTATOS,Sin Tipo,0,0
KLTE0006,TERMOSTATOS,Sin Tipo,0,0
KLVA0024,VALVULAS,Sin Tipo,0,0
KLMA0039,MALLA ELECTRICA,Sin Tipo,0,0
KLCP0003,MANTA TERMICA PISCINA,Sin Tipo,0,0
KLCL0146,CALDERAS,Sin Tipo,0,0
KLMU0084,MUESTRAS,Sin Tipo,0,0
KLES0060,ESTUFAS,Sin Tipo,0,0
KLEF0103,AIRE ACONDICIONADO,Sin Tipo,0,0
KLEF0105,MINI VENTILADOR JET,Sin Tipo,0,0
KLRA0005,RADIADORES,Sin Tipo,0,0
KLRA0074,RADIADORES,Sin Tipo,0,0
KLTM0059,TERMO ELECTRICO,Sin Tipo,0,0
KLCL0157,CALDERAS,Sin Tipo,0,0
KLEF0069,AIRE ACONDICIONADO,Sin Tipo,0,0
KLPE008B,PÉRGOLA,Sin Tipo,0,0
EXKL0018,PRODUCTOS EXHIBICION KENNEDY,Sin Tipo,0,0
EXTP0013,PRODUCTOS EXHIBICION KENNEDY,Sin Tipo,0,0
KLCA0015,CALEFONT,Sin Tipo,0,0
KLCL0043,CALDERAS,Sin Tipo,0,0
KLCL0128,CALDERAS,Sin Tipo,0,0
KLDI0002,DESINCRUSTADOR,Sin Tipo,0,0
KLIL 0003,ILUMINACIÓN,Sin Tipo,0,0
KLSO0003,SOLAR,Sin Tipo,0,0
KLFA0006,FANCOIL,Sin Tipo,0,0
KLPL0001,PALLET,Sin Tipo,0,0
KLFA0030,FANCOIL,Sin Tipo,0,0
KLDH0001,DESHUMIDIFICADOR,Sin Tipo,0,0
KLTM0054,TERMO ELECTRICO,Sin Tipo,0,0
KLME0010,MEDICION,Sin Tipo,0,0
KLEF0075,AIRE ACONDICIONADO,Sin Tipo,0,0
KLCP0006,MANTA TERMICA PISCINA,Sin Tipo,0,0
EXKL0017,PRODUCTOS EXHIBICION KENNEDY,Sin Tipo,0,0
KLES0099,ESTUFAS,Sin Tipo,0,0
KLCL0056,CALDERAS,Sin Tipo,0,0
KLDI0004,DESINCRUSTADOR,Sin Tipo,0,0
KLEF0003,AIRE ACONDICIONADO,Sin Tipo,0,0
KLMU0083,MUESTRAS,Sin Tipo,0,0
KLES0059,ESTUFAS,Sin Tipo,0,0
KLVA0047,VALVULAS,Sin Tipo,0,0
KLAP0046,ACCESORIOS PISCINA,Sin Tipo,0,0
KLPE010,PÉRGOLA,Sin Tipo,0,0
KLBC0082,BOMBA DE CALOR,Sin Tipo,0,0
KLRO0007,ROBOT,Sin Tipo,0,0
KLCL0105,CALDERAS,Sin Tipo,0,0
KLMU0077,MUESTRAS,Sin Tipo,0,0
KLFA0002,FANCOIL,Sin Tipo,0,0
KLFA0020,FANCOIL,Sin Tipo,0,0
KLBC0065,BOMBA DE CALOR,Sin Tipo,0,0
ABCD0001,PRUEBA,Sin Tipo,0,0
KLBR0009,BRASERO,Sin Tipo,0,0
KLES0076,CALEFACTOR MURAL,Sin Tipo,0,0
KLCL0118,CALDERAS,Sin Tipo,0,0
KLCA0059,CALEFONT,Sin Tipo,0,0
KLEF0057,AIRE ACONDICIONADO,Sin Tipo,0,0
KLST0015,REPUESTO SSTT,Sin Tipo,0,0
KLCA0037,CALEFONT,Sin Tipo,0,0
KLIL 0006,ILUMINACIÓN,Sin Tipo,0,0
KLRA0031,RADIADORES,Sin Tipo,0,0
KLVA0005,VALVULAS,Sin Tipo,0,0
KLTM0021,TERMO ELECTRICO,Sin Tipo,0,0
KLPA0001,PEX O FITTING,Sin Tipo,0,0
EXKL0030,PRODUCTOS EXHIBICION KENNEDY,Sin Tipo,0,0
EXTP0004,PRODUCTOS EXHIBICION KENNEDY,Sin Tipo,0,0
KLCA0026,CALEFONT,Sin Tipo,0,0
KLCL0038,CALDERAS,Sin Tipo,0,0
KLCL0064,CALDERAS,Sin Tipo,0,0
KLMU0001,MUESTRAS,Sin Tipo,0,0
KLCA0046,CALEFONT,Sin Tipo,0,0
KLEF0023,AIRE ACONDICIONADO,Sin Tipo,0,0
KLTG0006,TERMO A GAS,Sin Tipo,0,0
KLPB0026,PISCINA ESTRUCTURAL,Sin Tipo,0,0
KLPE009,PERGOLA BIOMAX ( 6X4) AUTOMATICA,Sin Tipo,0,0
KLCA0031,CALEFONT,Sin Tipo,0,0
KLCL0102,CALDERAS,Sin Tipo,0,0
KLEF0021,AIRE ACONDICIONADO,Sin Tipo,0,0
KLRA0034,RADIADORES,Sin Tipo,0,0
KLBC0026,BOMBA DE CALOR,Sin Tipo,0,0
KLPB0009,PISCINA ESTRUCTURAL,Sin Tipo,0,0
KLCL0017,CALDERAS,Sin Tipo,0,0
KLIL 0001,ILUMINACIÓN,Sin Tipo,0,0
KLSO0002,SOLAR,Sin Tipo,0,0
KLRE 0001,REFRIGERADOR,Sin Tipo,0,0
KLTM0036,TERMO ELECTRICO,Sin Tipo,0,0
KLVA0041,VALVULAS,Sin Tipo,0,0
KLCA0067,CALEFONT,Sin Tipo,0,0
KLTM0073,TERMO ELECTRICO,Sin Tipo,0,0
KLCA0024,CALEFONT,Sin Tipo,0,0
KLTE0004,TERMOSTATOS,Sin Tipo,0,0
KLCL0154,CALDERAS,Sin Tipo,0,0
KLCA0074,CALEFONT,Sin Tipo,0,0
KLES0064,ESTUFAS,Sin Tipo,0,0
KLHT0006,PACK AEROTUB 5,Sin Tipo,0,0
EXKL0032,PRODUCTOS EXHIBICION KENNEDY,Sin Tipo,0,0
KLCL0024,CALDERAS,Sin Tipo,0,0
KLCL0051,CALDERAS,Sin Tipo,0,0
KLME0002,MEDICION,Sin Tipo,0,0
KLTM0018,TERMO ELECTRICO,Sin Tipo,0,0
KLEF0029,AIRE ACONDICIONADO,Sin Tipo,0,0
1564782532264,PACK WALLY WIFI 1500,Sin Tipo,0,0
KLES0080,CALEFACTOR MURAL,Sin Tipo,0,0
EXTP0010,PRODUCTOS EXHIBICION KENNEDY,Sin Tipo,0,0
KLIL0002,ILUMINACIÓN,Sin Tipo,0,0
KLTM0008,TERMO ELECTRICO,Sin Tipo,0,0
KLEF0080,AIRE ACONDICIONADO,Sin Tipo,0,0
KLHT0017,HOT TUB,Sin Tipo,0,0
KLCP0007,MANTA TERMICA PISCINA,Sin Tipo,0,0
KLCA0019,CALEFONT,Sin Tipo,0,0
KLCL0039,CALDERAS,Sin Tipo,0,0
KLIN0006,INVERSOR,Sin Tipo,0,0
KLTG0002,TERMO A GAS,Sin Tipo,0,0
KLC0055,CALEFONT,Sin Tipo,0,0
KLTG0005,TERMO A GAS,Sin Tipo,0,0
KLCL0148,CALDERAS,Sin Tipo,0,0
KLTE0012,TERMOSTATOS,Sin Tipo,0,0
KLPB0004,PISCINA ESTRUCTURAL,Sin Tipo,0,0
KLSU0012,SUP,Sin Tipo,0,0
KLAP0049,ACCESORIOS PISCINA,Sin Tipo,0,0
KLEF0005A,AIRE ACONDICIONADO,Sin Tipo,0,0
KLIE0002,ILUMINACION EXTERIOR,Sin Tipo,0,0
KLBC0087,BOMBA DE CALOR,Sin Tipo,0,0
KLCA0021,CALEFONT,Sin Tipo,0,0
KLCL0007,CALDERAS,Sin Tipo,0,0
KLCL0106,CALDERAS,Sin Tipo,0,0
KLEF0013,AIRE ACONDICIONADO,Sin Tipo,0,0
KLVA0001,VALVULAS,Sin Tipo,0,0
KLRA0061,RA RADIADORES,Sin Tipo,0,0
KLPI0003,CALEFACTOR DE PISCINA,Sin Tipo,0,0
KLTM0043,TERMO ELECTRICO,Sin Tipo,0,0
KLTE0008,TERMOSTATOS,Sin Tipo,0,0
KLEF0030,AIRE ACONDICIONADO,Sin Tipo,0,0
KLFA0022,FANCOIL,Sin Tipo,0,0
KLCA0012,CALEFONT,Sin Tipo,0,0
KLCL0044,CALDERAS,Sin Tipo,0,0
KLCL0100,CALDERAS,Sin Tipo,0,0
KLME0006,MEDICION,Sin Tipo,0,0
KLRA0019,RADIADORES,Sin Tipo,0,0
KLTE0002,TERMOSTATOS,Sin Tipo,0,0
KLVA0009,VALVULAS,Sin Tipo,0,0
KLCA0063,CALEFONT,Sin Tipo,0,0
KLMA0004,MALLA ELECTRICA,Sin Tipo,0,0
KLPB0002,PISCINA ESTRUCTURAL,Sin Tipo,0,0
KLBC0071,BOMBA DE CALOR,Sin Tipo,0,0
KLES0098,ESTUFAS,Sin Tipo,0,0
KLBC0093,BOMBA DE CALOR,Sin Tipo,0,0
KLAP0047,ACCESORIOS PISCINA,Sin Tipo,-119990,-1
KLBC0073,BOMBA DE CALOR,Sin Tipo,-1010833,-1
